subid,run,trial,trial_type,side,response,correct,strength,response_time,cumulative_response_time,fixation_onset,fixation_dur,stim_onset,stim_dur,blank_onset,blank_dur,mask_onset,mask_dur,response_onset,response_dur,go_side,Staircase_stimulus,Presentation Duration
test234,4,1,nogo,left,right,0,strong,0.521,0.939,0.0,0.2,0.25,0.016666666666666666,0.26666666666666666,0.03333333333333333,0.3,0.2,0.5,1.3,right,12,0.021345099987229332
test234,4,2,go,right,right,1,weak,0.147,2.794,1.8,0.2,2.05,0.2,2.25,0.03333333333333333,2.283333333333333,0.016666666666666666,2.3,1.3,right,12,0.25108459999319166
test234,4,3,go,right,left,1,weak,0.105,4.981,3.6,0.2,3.85,0.2,4.05,0.03333333333333333,4.083333333333333,0.016666666666666666,4.1,1.3,right,12,0.25030790001619607
test234,4,4,nogo,left,right,0,weak,0.25,7.355,5.4,0.2,5.65,0.2,5.85,0.03333333333333333,5.883333333333334,0.016666666666666666,5.9,1.3,right,12,0.24968420001096092
